{
  "Total" : {
    "transaction" : "Total",
    "sampleCount" : 250000,
    "errorCount" : 250000,
    "errorPct" : 100.0,
    "meanResTime" : 52.270559999999996,
    "medianResTime" : 0.0,
    "minResTime" : 0.0,
    "maxResTime" : 1853.0,
    "pct1ResTime" : 129.0,
    "pct2ResTime" : 179.0,
    "pct3ResTime" : 277.0,
    "throughput" : 4971.364937957365,
    "receivedKBytesPerSec" : 13142.075085010341,
    "sentKBytesPerSec" : 0.0
  },
  "HTTP Request" : {
    "transaction" : "HTTP Request",
    "sampleCount" : 250000,
    "errorCount" : 250000,
    "errorPct" : 100.0,
    "meanResTime" : 52.270559999999996,
    "medianResTime" : 0.0,
    "minResTime" : 0.0,
    "maxResTime" : 1853.0,
    "pct1ResTime" : 129.0,
    "pct2ResTime" : 179.0,
    "pct3ResTime" : 277.0,
    "throughput" : 4971.364937957365,
    "receivedKBytesPerSec" : 13142.075085010341,
    "sentKBytesPerSec" : 0.0
  }
}