{
  "Total" : {
    "transaction" : "Total",
    "sampleCount" : 250000,
    "errorCount" : 250000,
    "errorPct" : 100.0,
    "meanResTime" : 54.649223999999705,
    "medianResTime" : 0.0,
    "minResTime" : 0.0,
    "maxResTime" : 2210.0,
    "pct1ResTime" : 116.0,
    "pct2ResTime" : 196.0,
    "pct3ResTime" : 278.0,
    "throughput" : 4963.961638504457,
    "receivedKBytesPerSec" : 13122.50405803864,
    "sentKBytesPerSec" : 0.0
  },
  "HTTP Request" : {
    "transaction" : "HTTP Request",
    "sampleCount" : 250000,
    "errorCount" : 250000,
    "errorPct" : 100.0,
    "meanResTime" : 54.649223999999705,
    "medianResTime" : 0.0,
    "minResTime" : 0.0,
    "maxResTime" : 2210.0,
    "pct1ResTime" : 116.0,
    "pct2ResTime" : 196.0,
    "pct3ResTime" : 278.0,
    "throughput" : 4963.961638504457,
    "receivedKBytesPerSec" : 13122.50405803864,
    "sentKBytesPerSec" : 0.0
  }
}