{
  "Total" : {
    "transaction" : "Total",
    "sampleCount" : 250000,
    "errorCount" : 250000,
    "errorPct" : 100.0,
    "meanResTime" : 31.435663999999566,
    "medianResTime" : 0.0,
    "minResTime" : 0.0,
    "maxResTime" : 1532.0,
    "pct1ResTime" : 33.0,
    "pct2ResTime" : 156.0,
    "pct3ResTime" : 431.0,
    "throughput" : 3275.7671846746507,
    "receivedKBytesPerSec" : 8659.669696205352,
    "sentKBytesPerSec" : 0.0
  },
  "HTTP Request" : {
    "transaction" : "HTTP Request",
    "sampleCount" : 250000,
    "errorCount" : 250000,
    "errorPct" : 100.0,
    "meanResTime" : 31.435663999999566,
    "medianResTime" : 0.0,
    "minResTime" : 0.0,
    "maxResTime" : 1532.0,
    "pct1ResTime" : 33.0,
    "pct2ResTime" : 156.0,
    "pct3ResTime" : 431.0,
    "throughput" : 3275.7671846746507,
    "receivedKBytesPerSec" : 8659.669696205352,
    "sentKBytesPerSec" : 0.0
  }
}