{
  "HTTP Request-1" : {
    "transaction" : "HTTP Request-1",
    "sampleCount" : 250000,
    "errorCount" : 0,
    "errorPct" : 0.0,
    "meanResTime" : 85.22866000000073,
    "medianResTime" : 7.0,
    "minResTime" : 0.0,
    "maxResTime" : 1667.0,
    "pct1ResTime" : 181.0,
    "pct2ResTime" : 264.0,
    "pct3ResTime" : 407.0,
    "throughput" : 1913.3775706227661,
    "receivedKBytesPerSec" : 7089.9234242379025,
    "sentKBytesPerSec" : 237.3036635440345
  },
  "Total" : {
    "transaction" : "Total",
    "sampleCount" : 750000,
    "errorCount" : 5265,
    "errorPct" : 0.702,
    "meanResTime" : 115.11779466666464,
    "medianResTime" : 14.0,
    "minResTime" : 0.0,
    "maxResTime" : 2269.0,
    "pct1ResTime" : 93.0,
    "pct2ResTime" : 194.0,
    "pct3ResTime" : 424.0,
    "throughput" : 5736.181538673336,
    "receivedKBytesPerSec" : 14580.88051820664,
    "sentKBytesPerSec" : 944.8267768778346
  },
  "HTTP Request-0" : {
    "transaction" : "HTTP Request-0",
    "sampleCount" : 250000,
    "errorCount" : 0,
    "errorPct" : 0.0,
    "meanResTime" : 84.43464400000074,
    "medianResTime" : 22.0,
    "minResTime" : 0.0,
    "maxResTime" : 1653.0,
    "pct1ResTime" : 180.0,
    "pct2ResTime" : 256.0,
    "pct3ResTime" : 394.0,
    "throughput" : 1912.07513690458,
    "receivedKBytesPerSec" : 205.39869634717166,
    "sentKBytesPerSec" : 235.27487036130574
  },
  "HTTP Request" : {
    "transaction" : "HTTP Request",
    "sampleCount" : 250000,
    "errorCount" : 5265,
    "errorPct" : 2.106,
    "meanResTime" : 175.69007999999988,
    "medianResTime" : 35.0,
    "minResTime" : 0.0,
    "maxResTime" : 2269.0,
    "pct1ResTime" : 343.0,
    "pct2ResTime" : 479.0,
    "pct3ResTime" : 694.0,
    "throughput" : 1912.0605128911118,
    "receivedKBytesPerSec" : 7290.44025910332,
    "sentKBytesPerSec" : 472.4133884389173
  }
}