{
  "Total" : {
    "transaction" : "Total",
    "sampleCount" : 250000,
    "errorCount" : 250000,
    "errorPct" : 100.0,
    "meanResTime" : 45.982831999999384,
    "medianResTime" : 0.0,
    "minResTime" : 0.0,
    "maxResTime" : 1228.0,
    "pct1ResTime" : 112.0,
    "pct2ResTime" : 174.0,
    "pct3ResTime" : 299.0,
    "throughput" : 4874.1494609190695,
    "receivedKBytesPerSec" : 12885.080654988205,
    "sentKBytesPerSec" : 0.0
  },
  "HTTP Request" : {
    "transaction" : "HTTP Request",
    "sampleCount" : 250000,
    "errorCount" : 250000,
    "errorPct" : 100.0,
    "meanResTime" : 45.982831999999384,
    "medianResTime" : 0.0,
    "minResTime" : 0.0,
    "maxResTime" : 1228.0,
    "pct1ResTime" : 112.0,
    "pct2ResTime" : 174.0,
    "pct3ResTime" : 299.0,
    "throughput" : 4874.1494609190695,
    "receivedKBytesPerSec" : 12885.080654988205,
    "sentKBytesPerSec" : 0.0
  }
}