{
  "HTTP Request-1" : {
    "transaction" : "HTTP Request-1",
    "sampleCount" : 25000,
    "errorCount" : 0,
    "errorPct" : 0.0,
    "meanResTime" : 9.445400000000008,
    "medianResTime" : 8.0,
    "minResTime" : 0.0,
    "maxResTime" : 250.0,
    "pct1ResTime" : 19.0,
    "pct2ResTime" : 25.0,
    "pct3ResTime" : 54.0,
    "throughput" : 1137.7599781550084,
    "receivedKBytesPerSec" : 4215.911822179493,
    "sentKBytesPerSec" : 141.10890354070906
  },
  "Total" : {
    "transaction" : "Total",
    "sampleCount" : 75000,
    "errorCount" : 21696,
    "errorPct" : 28.928,
    "meanResTime" : 13.97998666666673,
    "medianResTime" : 7.0,
    "minResTime" : 0.0,
    "maxResTime" : 325.0,
    "pct1ResTime" : 20.0,
    "pct2ResTime" : 27.0,
    "pct3ResTime" : 78.0,
    "throughput" : 3403.8304438594896,
    "receivedKBytesPerSec" : 8652.244471612055,
    "sentKBytesPerSec" : 560.6569676409187
  },
  "HTTP Request-0" : {
    "transaction" : "HTTP Request-0",
    "sampleCount" : 25000,
    "errorCount" : 0,
    "errorPct" : 0.0,
    "meanResTime" : 11.139120000000055,
    "medianResTime" : 8.0,
    "minResTime" : 0.0,
    "maxResTime" : 242.0,
    "pct1ResTime" : 25.0,
    "pct2ResTime" : 33.0,
    "pct3ResTime" : 64.0,
    "throughput" : 1134.7131445170662,
    "receivedKBytesPerSec" : 121.8930135711692,
    "sentKBytesPerSec" : 139.62290645424838
  },
  "HTTP Request" : {
    "transaction" : "HTTP Request",
    "sampleCount" : 25000,
    "errorCount" : 21696,
    "errorPct" : 86.784,
    "meanResTime" : 21.355440000000037,
    "medianResTime" : 19.0,
    "minResTime" : 0.0,
    "maxResTime" : 325.0,
    "pct1ResTime" : 44.0,
    "pct2ResTime" : 55.0,
    "pct3ResTime" : 93.0,
    "throughput" : 1134.6101479531635,
    "receivedKBytesPerSec" : 4326.122235806028,
    "sentKBytesPerSec" : 280.3284838204593
  }
}