{
  "Total" : {
    "transaction" : "Total",
    "sampleCount" : 250000,
    "errorCount" : 250000,
    "errorPct" : 100.0,
    "meanResTime" : 42.23943600000039,
    "medianResTime" : 0.0,
    "minResTime" : 0.0,
    "maxResTime" : 1449.0,
    "pct1ResTime" : 93.0,
    "pct2ResTime" : 190.0,
    "pct3ResTime" : 350.0,
    "throughput" : 5367.225573756414,
    "receivedKBytesPerSec" : 14188.554324373645,
    "sentKBytesPerSec" : 0.0
  },
  "HTTP Request" : {
    "transaction" : "HTTP Request",
    "sampleCount" : 250000,
    "errorCount" : 250000,
    "errorPct" : 100.0,
    "meanResTime" : 42.23943600000039,
    "medianResTime" : 0.0,
    "minResTime" : 0.0,
    "maxResTime" : 1449.0,
    "pct1ResTime" : 93.0,
    "pct2ResTime" : 190.0,
    "pct3ResTime" : 350.0,
    "throughput" : 5367.225573756414,
    "receivedKBytesPerSec" : 14188.554324373645,
    "sentKBytesPerSec" : 0.0
  }
}