{
  "Total" : {
    "transaction" : "Total",
    "sampleCount" : 250000,
    "errorCount" : 250000,
    "errorPct" : 100.0,
    "meanResTime" : 19.304216000000235,
    "medianResTime" : 0.0,
    "minResTime" : 0.0,
    "maxResTime" : 1330.0,
    "pct1ResTime" : 1.0,
    "pct2ResTime" : 54.0,
    "pct3ResTime" : 233.9900000000016,
    "throughput" : 4271.970745544334,
    "receivedKBytesPerSec" : 11293.188289246595,
    "sentKBytesPerSec" : 0.0
  },
  "HTTP Request" : {
    "transaction" : "HTTP Request",
    "sampleCount" : 250000,
    "errorCount" : 250000,
    "errorPct" : 100.0,
    "meanResTime" : 19.304216000000235,
    "medianResTime" : 0.0,
    "minResTime" : 0.0,
    "maxResTime" : 1330.0,
    "pct1ResTime" : 1.0,
    "pct2ResTime" : 54.0,
    "pct3ResTime" : 233.9900000000016,
    "throughput" : 4271.970745544334,
    "receivedKBytesPerSec" : 11293.188289246595,
    "sentKBytesPerSec" : 0.0
  }
}