{
  "Total" : {
    "transaction" : "Total",
    "sampleCount" : 250000,
    "errorCount" : 250000,
    "errorPct" : 100.0,
    "meanResTime" : 45.84727199999959,
    "medianResTime" : 0.0,
    "minResTime" : 0.0,
    "maxResTime" : 1562.0,
    "pct1ResTime" : 127.0,
    "pct2ResTime" : 202.0,
    "pct3ResTime" : 300.0,
    "throughput" : 5016.152009470495,
    "receivedKBytesPerSec" : 13260.472157848271,
    "sentKBytesPerSec" : 0.0
  },
  "HTTP Request" : {
    "transaction" : "HTTP Request",
    "sampleCount" : 250000,
    "errorCount" : 250000,
    "errorPct" : 100.0,
    "meanResTime" : 45.84727199999959,
    "medianResTime" : 0.0,
    "minResTime" : 0.0,
    "maxResTime" : 1562.0,
    "pct1ResTime" : 127.0,
    "pct2ResTime" : 202.0,
    "pct3ResTime" : 300.0,
    "throughput" : 5016.152009470495,
    "receivedKBytesPerSec" : 13260.472157848271,
    "sentKBytesPerSec" : 0.0
  }
}