{
  "HTTP Request-1" : {
    "transaction" : "HTTP Request-1",
    "sampleCount" : 250000,
    "errorCount" : 0,
    "errorPct" : 0.0,
    "meanResTime" : 83.9400479999996,
    "medianResTime" : 60.0,
    "minResTime" : 0.0,
    "maxResTime" : 2524.0,
    "pct1ResTime" : 115.0,
    "pct2ResTime" : 139.0,
    "pct3ResTime" : 242.9900000000016,
    "throughput" : 1622.1021145723164,
    "receivedKBytesPerSec" : 6010.617013174713,
    "sentKBytesPerSec" : 201.17868022527753
  },
  "Total" : {
    "transaction" : "Total",
    "sampleCount" : 750000,
    "errorCount" : 8623,
    "errorPct" : 1.1497333,
    "meanResTime" : 118.95945599999695,
    "medianResTime" : 55.0,
    "minResTime" : 0.0,
    "maxResTime" : 2638.0,
    "pct1ResTime" : 122.0,
    "pct2ResTime" : 144.0,
    "pct3ResTime" : 197.9900000000016,
    "throughput" : 4863.4347521593645,
    "receivedKBytesPerSec" : 12362.433188565094,
    "sentKBytesPerSec" : 801.0735626929163
  },
  "HTTP Request-0" : {
    "transaction" : "HTTP Request-0",
    "sampleCount" : 250000,
    "errorCount" : 0,
    "errorPct" : 0.0,
    "meanResTime" : 90.83549599999883,
    "medianResTime" : 62.0,
    "minResTime" : 0.0,
    "maxResTime" : 2619.0,
    "pct1ResTime" : 121.0,
    "pct2ResTime" : 146.0,
    "pct3ResTime" : 260.0,
    "throughput" : 1621.1554298979968,
    "receivedKBytesPerSec" : 174.14755594607388,
    "sentKBytesPerSec" : 199.47810953823006
  },
  "HTTP Request" : {
    "transaction" : "HTTP Request",
    "sampleCount" : 250000,
    "errorCount" : 8623,
    "errorPct" : 3.4492,
    "meanResTime" : 182.1028239999972,
    "medianResTime" : 125.0,
    "minResTime" : 0.0,
    "maxResTime" : 2638.0,
    "pct1ResTime" : 231.0,
    "pct2ResTime" : 267.0,
    "pct3ResTime" : 405.9900000000016,
    "throughput" : 1621.1449173864548,
    "receivedKBytesPerSec" : 6181.216594282547,
    "sentKBytesPerSec" : 400.53678134645816
  }
}