{
  "HTTP Request-1" : {
    "transaction" : "HTTP Request-1",
    "sampleCount" : 25000,
    "errorCount" : 0,
    "errorPct" : 0.0,
    "meanResTime" : 8.616799999999916,
    "medianResTime" : 8.0,
    "minResTime" : 0.0,
    "maxResTime" : 209.0,
    "pct1ResTime" : 17.0,
    "pct2ResTime" : 21.0,
    "pct3ResTime" : 43.0,
    "throughput" : 1260.9068442023504,
    "receivedKBytesPerSec" : 4672.226280766126,
    "sentKBytesPerSec" : 156.38200118525242
  },
  "Total" : {
    "transaction" : "Total",
    "sampleCount" : 75000,
    "errorCount" : 22278,
    "errorPct" : 29.704,
    "meanResTime" : 12.979479999999981,
    "medianResTime" : 8.0,
    "minResTime" : 0.0,
    "maxResTime" : 390.0,
    "pct1ResTime" : 20.0,
    "pct2ResTime" : 26.0,
    "pct3ResTime" : 44.0,
    "throughput" : 3769.4124742423483,
    "receivedKBytesPerSec" : 9581.522575639545,
    "sentKBytesPerSec" : 620.8732786349701
  },
  "HTTP Request-0" : {
    "transaction" : "HTTP Request-0",
    "sampleCount" : 25000,
    "errorCount" : 0,
    "errorPct" : 0.0,
    "meanResTime" : 10.58399999999999,
    "medianResTime" : 9.0,
    "minResTime" : 0.0,
    "maxResTime" : 376.0,
    "pct1ResTime" : 22.0,
    "pct2ResTime" : 28.0,
    "pct3ResTime" : 51.0,
    "throughput" : 1256.5339766787295,
    "receivedKBytesPerSec" : 134.97923577603538,
    "sentKBytesPerSec" : 154.61257916164053
  },
  "HTTP Request" : {
    "transaction" : "HTTP Request",
    "sampleCount" : 25000,
    "errorCount" : 22278,
    "errorPct" : 89.112,
    "meanResTime" : 19.737640000000187,
    "medianResTime" : 18.0,
    "minResTime" : 0.0,
    "maxResTime" : 390.0,
    "pct1ResTime" : 37.0,
    "pct2ResTime" : 46.0,
    "pct3ResTime" : 78.0,
    "throughput" : 1256.4708247474493,
    "receivedKBytesPerSec" : 4790.761287819772,
    "sentKBytesPerSec" : 310.43663931748506
  }
}