{
  "HTTP Request-1" : {
    "transaction" : "HTTP Request-1",
    "sampleCount" : 250000,
    "errorCount" : 0,
    "errorPct" : 0.0,
    "meanResTime" : 90.75503199999996,
    "medianResTime" : 69.0,
    "minResTime" : 0.0,
    "maxResTime" : 1712.0,
    "pct1ResTime" : 132.0,
    "pct2ResTime" : 157.0,
    "pct3ResTime" : 270.0,
    "throughput" : 1670.5199994654336,
    "receivedKBytesPerSec" : 6190.0270269254415,
    "sentKBytesPerSec" : 207.18363274620125
  },
  "Total" : {
    "transaction" : "Total",
    "sampleCount" : 750000,
    "errorCount" : 5709,
    "errorPct" : 0.7612,
    "meanResTime" : 124.39475333333185,
    "medianResTime" : 56.0,
    "minResTime" : 0.0,
    "maxResTime" : 2542.0,
    "pct1ResTime" : 127.0,
    "pct2ResTime" : 155.0,
    "pct3ResTime" : 250.0,
    "throughput" : 5009.016229212583,
    "receivedKBytesPerSec" : 12732.488792326189,
    "sentKBytesPerSec" : 825.0528033794163
  },
  "HTTP Request-0" : {
    "transaction" : "HTTP Request-0",
    "sampleCount" : 250000,
    "errorCount" : 0,
    "errorPct" : 0.0,
    "meanResTime" : 93.04781600000199,
    "medianResTime" : 70.0,
    "minResTime" : 0.0,
    "maxResTime" : 1850.0,
    "pct1ResTime" : 126.90000000000146,
    "pct2ResTime" : 150.0,
    "pct3ResTime" : 283.0,
    "throughput" : 1669.672076404194,
    "receivedKBytesPerSec" : 179.35930508248182,
    "sentKBytesPerSec" : 205.44793127629734
  },
  "HTTP Request" : {
    "transaction" : "HTTP Request",
    "sampleCount" : 250000,
    "errorCount" : 5709,
    "errorPct" : 2.2836,
    "meanResTime" : 189.38141199999703,
    "medianResTime" : 142.0,
    "minResTime" : 0.0,
    "maxResTime" : 2542.0,
    "pct1ResTime" : 250.0,
    "pct2ResTime" : 285.0,
    "pct3ResTime" : 375.0,
    "throughput" : 1669.672076404194,
    "receivedKBytesPerSec" : 6366.244396163094,
    "sentKBytesPerSec" : 412.52640168970817
  }
}