{
  "HTTP Request-1" : {
    "transaction" : "HTTP Request-1",
    "sampleCount" : 250000,
    "errorCount" : 0,
    "errorPct" : 0.0,
    "meanResTime" : 72.58926400000111,
    "medianResTime" : 73.0,
    "minResTime" : 0.0,
    "maxResTime" : 2241.0,
    "pct1ResTime" : 115.0,
    "pct2ResTime" : 130.0,
    "pct3ResTime" : 202.0,
    "throughput" : 1747.9461632581717,
    "receivedKBytesPerSec" : 6476.925745062052,
    "sentKBytesPerSec" : 216.78629173221464
  },
  "Total" : {
    "transaction" : "Total",
    "sampleCount" : 750000,
    "errorCount" : 5885,
    "errorPct" : 0.78466666,
    "meanResTime" : 102.76490266666934,
    "medianResTime" : 47.0,
    "minResTime" : 0.0,
    "maxResTime" : 2451.0,
    "pct1ResTime" : 124.0,
    "pct2ResTime" : 157.0,
    "pct3ResTime" : 241.0,
    "throughput" : 5240.394357143356,
    "receivedKBytesPerSec" : 13320.632109468344,
    "sentKBytesPerSec" : 863.1639142950971
  },
  "HTTP Request-0" : {
    "transaction" : "HTTP Request-0",
    "sampleCount" : 250000,
    "errorCount" : 0,
    "errorPct" : 0.0,
    "meanResTime" : 77.73606000000129,
    "medianResTime" : 73.0,
    "minResTime" : 0.0,
    "maxResTime" : 2386.0,
    "pct1ResTime" : 116.0,
    "pct2ResTime" : 136.0,
    "pct3ResTime" : 200.9800000000032,
    "throughput" : 1746.810324347741,
    "receivedKBytesPerSec" : 187.6456403107925,
    "sentKBytesPerSec" : 214.93955162872595
  },
  "HTTP Request" : {
    "transaction" : "HTTP Request",
    "sampleCount" : 250000,
    "errorCount" : 5885,
    "errorPct" : 2.354,
    "meanResTime" : 157.9693840000072,
    "medianResTime" : 148.0,
    "minResTime" : 0.0,
    "maxResTime" : 2451.0,
    "pct1ResTime" : 217.0,
    "pct2ResTime" : 248.0,
    "pct3ResTime" : 323.0,
    "throughput" : 1746.7981190477856,
    "receivedKBytesPerSec" : 6660.316054734172,
    "sentKBytesPerSec" : 431.58195714754856
  }
}