{
  "Total" : {
    "transaction" : "Total",
    "sampleCount" : 250000,
    "errorCount" : 250000,
    "errorPct" : 100.0,
    "meanResTime" : 50.468359999999045,
    "medianResTime" : 0.0,
    "minResTime" : 0.0,
    "maxResTime" : 1674.0,
    "pct1ResTime" : 130.0,
    "pct2ResTime" : 174.0,
    "pct3ResTime" : 225.0,
    "throughput" : 5293.357894513963,
    "receivedKBytesPerSec" : 13993.28107465752,
    "sentKBytesPerSec" : 0.0
  },
  "HTTP Request" : {
    "transaction" : "HTTP Request",
    "sampleCount" : 250000,
    "errorCount" : 250000,
    "errorPct" : 100.0,
    "meanResTime" : 50.468359999999045,
    "medianResTime" : 0.0,
    "minResTime" : 0.0,
    "maxResTime" : 1674.0,
    "pct1ResTime" : 130.0,
    "pct2ResTime" : 174.0,
    "pct3ResTime" : 225.0,
    "throughput" : 5293.357894513963,
    "receivedKBytesPerSec" : 13993.28107465752,
    "sentKBytesPerSec" : 0.0
  }
}