{
  "Total" : {
    "transaction" : "Total",
    "sampleCount" : 250000,
    "errorCount" : 250000,
    "errorPct" : 100.0,
    "meanResTime" : 21.35881599999966,
    "medianResTime" : 0.0,
    "minResTime" : 0.0,
    "maxResTime" : 2034.0,
    "pct1ResTime" : 1.0,
    "pct2ResTime" : 28.0,
    "pct3ResTime" : 354.0,
    "throughput" : 3990.805184854096,
    "receivedKBytesPerSec" : 10549.91175332035,
    "sentKBytesPerSec" : 0.0
  },
  "HTTP Request" : {
    "transaction" : "HTTP Request",
    "sampleCount" : 250000,
    "errorCount" : 250000,
    "errorPct" : 100.0,
    "meanResTime" : 21.35881599999966,
    "medianResTime" : 0.0,
    "minResTime" : 0.0,
    "maxResTime" : 2034.0,
    "pct1ResTime" : 1.0,
    "pct2ResTime" : 28.0,
    "pct3ResTime" : 354.0,
    "throughput" : 3990.805184854096,
    "receivedKBytesPerSec" : 10549.91175332035,
    "sentKBytesPerSec" : 0.0
  }
}