{
  "Total" : {
    "transaction" : "Total",
    "sampleCount" : 250000,
    "errorCount" : 250000,
    "errorPct" : 100.0,
    "meanResTime" : 22.34780400000029,
    "medianResTime" : 0.0,
    "minResTime" : 0.0,
    "maxResTime" : 1841.0,
    "pct1ResTime" : 1.0,
    "pct2ResTime" : 90.95000000000073,
    "pct3ResTime" : 756.9800000000032,
    "throughput" : 3565.82513193553,
    "receivedKBytesPerSec" : 9426.453742333477,
    "sentKBytesPerSec" : 0.0
  },
  "HTTP Request" : {
    "transaction" : "HTTP Request",
    "sampleCount" : 250000,
    "errorCount" : 250000,
    "errorPct" : 100.0,
    "meanResTime" : 22.34780400000029,
    "medianResTime" : 0.0,
    "minResTime" : 0.0,
    "maxResTime" : 1841.0,
    "pct1ResTime" : 1.0,
    "pct2ResTime" : 90.95000000000073,
    "pct3ResTime" : 756.9800000000032,
    "throughput" : 3565.82513193553,
    "receivedKBytesPerSec" : 9426.453742333477,
    "sentKBytesPerSec" : 0.0
  }
}