{
  "Total" : {
    "transaction" : "Total",
    "sampleCount" : 250000,
    "errorCount" : 250000,
    "errorPct" : 100.0,
    "meanResTime" : 45.92476800000094,
    "medianResTime" : 0.0,
    "minResTime" : 0.0,
    "maxResTime" : 1515.0,
    "pct1ResTime" : 123.0,
    "pct2ResTime" : 187.0,
    "pct3ResTime" : 328.0,
    "throughput" : 5181.7767276043605,
    "receivedKBytesPerSec" : 13698.310157836919,
    "sentKBytesPerSec" : 0.0
  },
  "HTTP Request" : {
    "transaction" : "HTTP Request",
    "sampleCount" : 250000,
    "errorCount" : 250000,
    "errorPct" : 100.0,
    "meanResTime" : 45.92476800000094,
    "medianResTime" : 0.0,
    "minResTime" : 0.0,
    "maxResTime" : 1515.0,
    "pct1ResTime" : 123.0,
    "pct2ResTime" : 187.0,
    "pct3ResTime" : 328.0,
    "throughput" : 5181.7767276043605,
    "receivedKBytesPerSec" : 13698.310157836919,
    "sentKBytesPerSec" : 0.0
  }
}