{
  "HTTP Request-1" : {
    "transaction" : "HTTP Request-1",
    "sampleCount" : 25000,
    "errorCount" : 0,
    "errorPct" : 0.0,
    "meanResTime" : 10.650320000000027,
    "medianResTime" : 9.0,
    "minResTime" : 0.0,
    "maxResTime" : 298.0,
    "pct1ResTime" : 20.0,
    "pct2ResTime" : 26.0,
    "pct3ResTime" : 56.0,
    "throughput" : 1127.8534692772714,
    "receivedKBytesPerSec" : 4179.203756597943,
    "sentKBytesPerSec" : 139.88026425606785
  },
  "Total" : {
    "transaction" : "Total",
    "sampleCount" : 75000,
    "errorCount" : 22765,
    "errorPct" : 30.353333,
    "meanResTime" : 16.466453333333362,
    "medianResTime" : 9.0,
    "minResTime" : 0.0,
    "maxResTime" : 344.0,
    "pct1ResTime" : 25.0,
    "pct2ResTime" : 32.0,
    "pct3ResTime" : 52.0,
    "throughput" : 3369.726378218089,
    "receivedKBytesPerSec" : 8565.554867569752,
    "sentKBytesPerSec" : 555.0395662038909
  },
  "HTTP Request-0" : {
    "transaction" : "HTTP Request-0",
    "sampleCount" : 25000,
    "errorCount" : 0,
    "errorPct" : 0.0,
    "meanResTime" : 13.800680000000062,
    "medianResTime" : 12.0,
    "minResTime" : 0.0,
    "maxResTime" : 334.0,
    "pct1ResTime" : 28.0,
    "pct2ResTime" : 36.0,
    "pct3ResTime" : 70.0,
    "throughput" : 1123.2421260726962,
    "receivedKBytesPerSec" : 120.6607752617154,
    "sentKBytesPerSec" : 138.2114334816013
  },
  "HTTP Request" : {
    "transaction" : "HTTP Request",
    "sampleCount" : 25000,
    "errorCount" : 22765,
    "errorPct" : 91.06,
    "meanResTime" : 24.948359999999983,
    "medianResTime" : 24.0,
    "minResTime" : 1.0,
    "maxResTime" : 344.0,
    "pct1ResTime" : 47.0,
    "pct2ResTime" : 59.0,
    "pct3ResTime" : 103.0,
    "throughput" : 1123.2421260726962,
    "receivedKBytesPerSec" : 4282.777433784876,
    "sentKBytesPerSec" : 277.51978310194545
  }
}