{
  "HTTP Request-1" : {
    "transaction" : "HTTP Request-1",
    "sampleCount" : 250000,
    "errorCount" : 0,
    "errorPct" : 0.0,
    "meanResTime" : 88.50004400000134,
    "medianResTime" : 28.0,
    "minResTime" : 0.0,
    "maxResTime" : 1667.0,
    "pct1ResTime" : 158.0,
    "pct2ResTime" : 225.0,
    "pct3ResTime" : 385.9900000000016,
    "throughput" : 1951.1890546098793,
    "receivedKBytesPerSec" : 7230.031958037727,
    "sentKBytesPerSec" : 241.99317376509242
  },
  "Total" : {
    "transaction" : "Total",
    "sampleCount" : 750000,
    "errorCount" : 4447,
    "errorPct" : 0.59293336,
    "meanResTime" : 117.83803733333622,
    "medianResTime" : 20.0,
    "minResTime" : 0.0,
    "maxResTime" : 1950.0,
    "pct1ResTime" : 116.0,
    "pct2ResTime" : 176.0,
    "pct3ResTime" : 518.0,
    "throughput" : 5849.412718963016,
    "receivedKBytesPerSec" : 14868.704447698452,
    "sentKBytesPerSec" : 963.4774856104448
  },
  "HTTP Request-0" : {
    "transaction" : "HTTP Request-0",
    "sampleCount" : 250000,
    "errorCount" : 0,
    "errorPct" : 0.0,
    "meanResTime" : 85.93531200000174,
    "medianResTime" : 36.0,
    "minResTime" : 0.0,
    "maxResTime" : 1653.0,
    "pct1ResTime" : 151.0,
    "pct2ResTime" : 203.0,
    "pct3ResTime" : 323.0,
    "throughput" : 1949.8042396543387,
    "receivedKBytesPerSec" : 209.45162730661843,
    "sentKBytesPerSec" : 239.91731855121748
  },
  "HTTP Request" : {
    "transaction" : "HTTP Request",
    "sampleCount" : 250000,
    "errorCount" : 4447,
    "errorPct" : 1.7788,
    "meanResTime" : 179.0787559999984,
    "medianResTime" : 96.0,
    "minResTime" : 0.0,
    "maxResTime" : 1950.0,
    "pct1ResTime" : 305.0,
    "pct2ResTime" : 383.0,
    "pct3ResTime" : 577.9900000000016,
    "throughput" : 1949.8042396543387,
    "receivedKBytesPerSec" : 7434.352223849226,
    "sentKBytesPerSec" : 481.7387428052224
  }
}