{
  "Total" : {
    "transaction" : "Total",
    "sampleCount" : 250000,
    "errorCount" : 250000,
    "errorPct" : 100.0,
    "meanResTime" : 44.22581199999981,
    "medianResTime" : 0.0,
    "minResTime" : 0.0,
    "maxResTime" : 1414.0,
    "pct1ResTime" : 114.0,
    "pct2ResTime" : 195.95000000000073,
    "pct3ResTime" : 319.0,
    "throughput" : 5178.556632695335,
    "receivedKBytesPerSec" : 13689.797660845968,
    "sentKBytesPerSec" : 0.0
  },
  "HTTP Request" : {
    "transaction" : "HTTP Request",
    "sampleCount" : 250000,
    "errorCount" : 250000,
    "errorPct" : 100.0,
    "meanResTime" : 44.22581199999981,
    "medianResTime" : 0.0,
    "minResTime" : 0.0,
    "maxResTime" : 1414.0,
    "pct1ResTime" : 114.0,
    "pct2ResTime" : 195.95000000000073,
    "pct3ResTime" : 319.0,
    "throughput" : 5178.556632695335,
    "receivedKBytesPerSec" : 13689.797660845968,
    "sentKBytesPerSec" : 0.0
  }
}