{
  "Total" : {
    "transaction" : "Total",
    "sampleCount" : 250000,
    "errorCount" : 250000,
    "errorPct" : 100.0,
    "meanResTime" : 21.351659999999487,
    "medianResTime" : 0.0,
    "minResTime" : 0.0,
    "maxResTime" : 2256.0,
    "pct1ResTime" : 1.0,
    "pct2ResTime" : 22.0,
    "pct3ResTime" : 247.0,
    "throughput" : 4124.663839897049,
    "receivedKBytesPerSec" : 10903.774428321592,
    "sentKBytesPerSec" : 0.0
  },
  "HTTP Request" : {
    "transaction" : "HTTP Request",
    "sampleCount" : 250000,
    "errorCount" : 250000,
    "errorPct" : 100.0,
    "meanResTime" : 21.351659999999487,
    "medianResTime" : 0.0,
    "minResTime" : 0.0,
    "maxResTime" : 2256.0,
    "pct1ResTime" : 1.0,
    "pct2ResTime" : 22.0,
    "pct3ResTime" : 247.0,
    "throughput" : 4124.663839897049,
    "receivedKBytesPerSec" : 10903.774428321592,
    "sentKBytesPerSec" : 0.0
  }
}