{
  "Total" : {
    "transaction" : "Total",
    "sampleCount" : 250000,
    "errorCount" : 250000,
    "errorPct" : 100.0,
    "meanResTime" : 48.04869200000123,
    "medianResTime" : 0.0,
    "minResTime" : 0.0,
    "maxResTime" : 1341.0,
    "pct1ResTime" : 115.0,
    "pct2ResTime" : 176.0,
    "pct3ResTime" : 290.0,
    "throughput" : 4794.599363277204,
    "receivedKBytesPerSec" : 12674.785621475969,
    "sentKBytesPerSec" : 0.0
  },
  "HTTP Request" : {
    "transaction" : "HTTP Request",
    "sampleCount" : 250000,
    "errorCount" : 250000,
    "errorPct" : 100.0,
    "meanResTime" : 48.04869200000123,
    "medianResTime" : 0.0,
    "minResTime" : 0.0,
    "maxResTime" : 1341.0,
    "pct1ResTime" : 115.0,
    "pct2ResTime" : 176.0,
    "pct3ResTime" : 290.0,
    "throughput" : 4794.599363277204,
    "receivedKBytesPerSec" : 12674.785621475969,
    "sentKBytesPerSec" : 0.0
  }
}