{
  "HTTP Request-1" : {
    "transaction" : "HTTP Request-1",
    "sampleCount" : 250000,
    "errorCount" : 0,
    "errorPct" : 0.0,
    "meanResTime" : 80.13061199999778,
    "medianResTime" : 65.0,
    "minResTime" : 0.0,
    "maxResTime" : 1896.0,
    "pct1ResTime" : 106.0,
    "pct2ResTime" : 124.0,
    "pct3ResTime" : 196.9900000000016,
    "throughput" : 1771.7679409221698,
    "receivedKBytesPerSec" : 6565.19613249635,
    "sentKBytesPerSec" : 219.74075048546442
  },
  "Total" : {
    "transaction" : "Total",
    "sampleCount" : 750000,
    "errorCount" : 4634,
    "errorPct" : 0.6178667,
    "meanResTime" : 108.65601466666637,
    "medianResTime" : 51.0,
    "minResTime" : 0.0,
    "maxResTime" : 2802.0,
    "pct1ResTime" : 116.0,
    "pct2ResTime" : 135.0,
    "pct3ResTime" : 208.0,
    "throughput" : 5311.765205813196,
    "receivedKBytesPerSec" : 13502.05067335477,
    "sentKBytesPerSec" : 874.919659551262
  },
  "HTTP Request-0" : {
    "transaction" : "HTTP Request-0",
    "sampleCount" : 250000,
    "errorCount" : 0,
    "errorPct" : 0.0,
    "meanResTime" : 80.00349600000052,
    "medianResTime" : 64.0,
    "minResTime" : 0.0,
    "maxResTime" : 1953.0,
    "pct1ResTime" : 107.0,
    "pct2ResTime" : 127.0,
    "pct3ResTime" : 207.0,
    "throughput" : 1770.588401937732,
    "receivedKBytesPerSec" : 190.1999259894048,
    "sentKBytesPerSec" : 217.86536976968188
  },
  "HTTP Request" : {
    "transaction" : "HTTP Request",
    "sampleCount" : 250000,
    "errorCount" : 4634,
    "errorPct" : 1.8536,
    "meanResTime" : 165.83393600000016,
    "medianResTime" : 133.0,
    "minResTime" : 0.0,
    "maxResTime" : 2802.0,
    "pct1ResTime" : 204.0,
    "pct2ResTime" : 235.0,
    "pct3ResTime" : 332.9900000000016,
    "throughput" : 1770.588401937732,
    "receivedKBytesPerSec" : 6751.025336677385,
    "sentKBytesPerSec" : 437.459829775631
  }
}