{
  "Total" : {
    "transaction" : "Total",
    "sampleCount" : 250000,
    "errorCount" : 250000,
    "errorPct" : 100.0,
    "meanResTime" : 44.02984400000029,
    "medianResTime" : 0.0,
    "minResTime" : 0.0,
    "maxResTime" : 2147.0,
    "pct1ResTime" : 124.0,
    "pct2ResTime" : 185.0,
    "pct3ResTime" : 270.0,
    "throughput" : 5034.739703957305,
    "receivedKBytesPerSec" : 13309.609744738696,
    "sentKBytesPerSec" : 0.0
  },
  "HTTP Request" : {
    "transaction" : "HTTP Request",
    "sampleCount" : 250000,
    "errorCount" : 250000,
    "errorPct" : 100.0,
    "meanResTime" : 44.02984400000029,
    "medianResTime" : 0.0,
    "minResTime" : 0.0,
    "maxResTime" : 2147.0,
    "pct1ResTime" : 124.0,
    "pct2ResTime" : 185.0,
    "pct3ResTime" : 270.0,
    "throughput" : 5034.739703957305,
    "receivedKBytesPerSec" : 13309.609744738696,
    "sentKBytesPerSec" : 0.0
  }
}