{
  "HTTP Request-1" : {
    "transaction" : "HTTP Request-1",
    "sampleCount" : 250000,
    "errorCount" : 0,
    "errorPct" : 0.0,
    "meanResTime" : 184.84113999999946,
    "medianResTime" : 16.0,
    "minResTime" : 0.0,
    "maxResTime" : 2686.0,
    "pct1ResTime" : 251.90000000000146,
    "pct2ResTime" : 378.9500000000007,
    "pct3ResTime" : 688.9900000000016,
    "throughput" : 1237.7708242563472,
    "receivedKBytesPerSec" : 4586.496933732225,
    "sentKBytesPerSec" : 153.51259246148058
  },
  "Total" : {
    "transaction" : "Total",
    "sampleCount" : 750000,
    "errorCount" : 65766,
    "errorPct" : 8.7688,
    "meanResTime" : 250.0572946666628,
    "medianResTime" : 20.0,
    "minResTime" : 0.0,
    "maxResTime" : 3738.0,
    "pct1ResTime" : 140.0,
    "pct2ResTime" : 218.95000000000073,
    "pct3ResTime" : 400.0,
    "throughput" : 3711.6218302749567,
    "receivedKBytesPerSec" : 9434.623725057902,
    "sentKBytesPerSec" : 611.3543769919037
  },
  "HTTP Request-0" : {
    "transaction" : "HTTP Request-0",
    "sampleCount" : 250000,
    "errorCount" : 0,
    "errorPct" : 0.0,
    "meanResTime" : 190.2275999999973,
    "medianResTime" : 39.0,
    "minResTime" : 0.0,
    "maxResTime" : 2284.0,
    "pct1ResTime" : 204.0,
    "pct2ResTime" : 313.0,
    "pct3ResTime" : 539.9700000000048,
    "throughput" : 1237.2133995160023,
    "receivedKBytesPerSec" : 132.90378315113304,
    "sentKBytesPerSec" : 152.23524251857057
  },
  "HTTP Request" : {
    "transaction" : "HTTP Request",
    "sampleCount" : 250000,
    "errorCount" : 65766,
    "errorPct" : 26.3064,
    "meanResTime" : 375.1031439999989,
    "medianResTime" : 78.0,
    "minResTime" : 0.0,
    "maxResTime" : 3738.0,
    "pct1ResTime" : 431.0,
    "pct2ResTime" : 590.9500000000007,
    "pct3ResTime" : 990.9900000000016,
    "throughput" : 1237.2072767583188,
    "receivedKBytesPerSec" : 4717.311862528951,
    "sentKBytesPerSec" : 305.67718849595184
  }
}