{
  "Total" : {
    "transaction" : "Total",
    "sampleCount" : 250000,
    "errorCount" : 250000,
    "errorPct" : 100.0,
    "meanResTime" : 40.32679200000011,
    "medianResTime" : 0.0,
    "minResTime" : 0.0,
    "maxResTime" : 1457.0,
    "pct1ResTime" : 24.0,
    "pct2ResTime" : 138.0,
    "pct3ResTime" : 362.9900000000016,
    "throughput" : 3136.6841484529873,
    "receivedKBytesPerSec" : 8291.996083849841,
    "sentKBytesPerSec" : 0.0
  },
  "HTTP Request" : {
    "transaction" : "HTTP Request",
    "sampleCount" : 250000,
    "errorCount" : 250000,
    "errorPct" : 100.0,
    "meanResTime" : 40.32679200000011,
    "medianResTime" : 0.0,
    "minResTime" : 0.0,
    "maxResTime" : 1457.0,
    "pct1ResTime" : 24.0,
    "pct2ResTime" : 138.0,
    "pct3ResTime" : 362.9900000000016,
    "throughput" : 3136.6841484529873,
    "receivedKBytesPerSec" : 8291.996083849841,
    "sentKBytesPerSec" : 0.0
  }
}